txn_id,user_id,amount,timestamp,device_id,location,merchant_id,is_fraud
t687,u46,22857.28,2026-08-01 04:05:00,device_unknown_5825,Jayfurt,m7,1
t387,u55,15385.53,2026-08-01 04:15:00,device_unknown_6456,West Wayne,m17,1
t613,u20,1315.21,2026-08-01 07:24:00,device_20_A,New Brittanymouth,m8,0
t793,u55,3299.92,2026-08-01 07:34:00,device_55_A,Gilesstad,m3,0
t598,u97,2445.31,2026-08-01 08:31:00,device_97_A,Flynnville,m2,0
t330,u46,4089.42,2026-08-01 08:55:00,device_46_A,Pearsonville,m11,0
t174,u73,541.3,2026-08-01 09:28:00,device_73_A,Jenniferbury,m8,0
t439,u46,3994.79,2026-08-01 09:38:00,device_46_A,Pearsonville,m2,0
t997,u18,2344.94,2026-08-01 10:18:00,device_18_A,Knoxfurt,m17,0
t8,u32,1442.05,2026-08-01 10:43:00,device_32_A,North Jonathanland,m13,0
t829,u53,4247.12,2026-08-01 11:04:00,device_53_A,South Mauricefurt,m2,0
t993,u43,588.06,2026-08-01 11:19:00,device_43_A,West Thomaston,m2,0
t891,u5,1483.94,2026-08-01 11:24:00,device_5_A,East Jeanettebury,m2,0
t298,u55,2927.52,2026-08-01 12:57:00,device_55_A,Gilesstad,m7,0
t258,u16,1000.69,2026-08-01 13:44:00,device_16_A,Lake Lauren,m13,0
t982,u79,2174.23,2026-08-01 13:56:00,device_79_A,South Brittanyshire,m14,0
t118,u10,3954.7,2026-08-01 14:07:00,device_10_A,Ricardostad,m5,0
t653,u72,1242.71,2026-08-01 14:14:00,device_72_A,West Matthewfurt,m1,0
t3,u35,3664.13,2026-08-01 14:16:00,device_35_A,West Bryanburgh,m17,0
t967,u26,3125.9,2026-08-01 14:36:00,device_26_A,North Amanda,m9,0
t1,u34,5461.29,2026-08-01 14:39:00,device_34_A,Butlerbury,m8,0
t47,u30,915.49,2026-08-01 15:10:00,device_30_A,Clinemouth,m15,0
t107,u35,6132.48,2026-08-01 16:13:00,device_35_A,West Bryanburgh,m13,0
t180,u80,888.32,2026-08-01 16:24:00,device_80_A,East Jeremyview,m19,0
t679,u34,4183.01,2026-08-01 17:14:00,device_34_A,Butlerbury,m9,0
t595,u60,2537.73,2026-08-01 17:35:00,device_60_A,Port Joshuamouth,m5,0
t426,u99,526.49,2026-08-01 18:14:00,device_99_A,Alexandershire,m8,0
t557,u39,3471.1,2026-08-01 18:36:00,device_39_A,West Matthew,m3,0
t749,u28,2871.09,2026-08-01 18:36:00,device_28_A,Richardsonview,m1,0
t325,u59,760.79,2026-08-01 18:46:00,device_59_A,Alexanderborough,m9,0
t947,u31,3571.77,2026-08-01 19:27:00,device_31_A,West Georgestad,m19,0
t945,u65,1766.83,2026-08-01 19:47:00,device_65_A,Robertstad,m6,0
t670,u7,966.4,2026-08-01 19:58:00,device_7_A,Lake Ashleyview,m19,0
t609,u4,2877.78,2026-08-01 20:01:00,device_4_A,South Julie,m9,0
t267,u44,4584.74,2026-08-01 20:13:00,device_44_A,Alexanderville,m6,0
t901,u37,2316.34,2026-08-01 20:39:00,device_37_A,Thomasside,m17,0
t112,u62,1291.44,2026-08-01 20:48:00,device_62_A,East Kristen,m5,0
t200,u67,1405.62,2026-08-01 21:07:00,device_67_A,Shawnhaven,m10,0
t289,u66,2496.83,2026-08-01 21:22:00,device_66_A,Lake Benjamin,m15,0
t170,u95,4344.84,2026-08-01 21:37:00,device_95_A,South Williamshire,m14,0
t820,u53,4326.88,2026-08-01 21:38:00,device_53_A,South Mauricefurt,m4,0
t555,u81,5067.88,2026-08-01 21:43:00,device_81_A,Lake Jerryport,m18,0
t239,u39,2635.95,2026-08-01 22:00:00,device_39_A,West Matthew,m13,0
t877,u94,2515.28,2026-08-01 22:04:00,device_94_A,South Matthewland,m8,0
t347,u93,4478.34,2026-08-01 22:09:00,device_93_A,Eatonfort,m17,0
t954,u58,1113.78,2026-08-01 22:19:00,device_58_A,Port Anthony,m5,0
t980,u54,5036.71,2026-08-01 22:32:00,device_54_A,Port Jay,m16,0
t491,u83,16124.3,2026-08-02 01:36:00,device_unknown_5593,Michelleland,m6,1
t643,u96,14118.07,2026-08-02 02:12:00,device_unknown_8265,East Michael,m3,1
t717,u22,10722.57,2026-08-02 03:36:00,device_unknown_4262,Lake Katelyn,m12,1
t370,u59,3481.36,2026-08-02 04:43:00,device_unknown_7809,Andreville,m15,1
t753,u9,18554.55,2026-08-02 04:58:00,device_unknown_5764,New Christopher,m17,1
t314,u97,2638.23,2026-08-02 07:34:00,device_97_A,Flynnville,m11,0
t36,u72,1167.47,2026-08-02 08:09:00,device_72_A,West Matthewfurt,m11,0
t265,u7,633.7,2026-08-02 08:48:00,device_7_A,Lake Ashleyview,m1,0
t51,u26,4883.53,2026-08-02 09:45:00,device_26_A,North Amanda,m20,0
t44,u34,4607.22,2026-08-02 10:10:00,device_34_A,Butlerbury,m2,0
t803,u10,4629.94,2026-08-02 10:23:00,device_10_A,Ricardostad,m15,0
t248,u54,3421.92,2026-08-02 10:37:00,device_54_A,Port Jay,m12,0
t275,u90,2641.48,2026-08-02 10:42:00,device_90_A,West Julia,m17,0
t152,u14,1551.27,2026-08-02 10:53:00,device_14_A,Allenmouth,m7,0
t600,u68,4456.45,2026-08-02 11:00:00,device_68_A,Port David,m9,0
t630,u67,1089.92,2026-08-02 11:00:00,device_67_A,Shawnhaven,m8,0
t742,u70,6040.41,2026-08-02 11:31:00,device_70_A,Chapmanbury,m5,0
t868,u46,4195.29,2026-08-02 11:46:00,device_46_A,Pearsonville,m18,0
t336,u83,1906.22,2026-08-02 12:06:00,device_83_A,Port Jasonview,m18,0
t840,u82,4193.6,2026-08-02 12:58:00,device_82_A,Francomouth,m18,0
t601,u3,3819.7,2026-08-02 13:09:00,device_3_A,Port Kimhaven,m5,0
t215,u92,2910.01,2026-08-02 14:07:00,device_92_A,West Philipport,m13,0
t933,u2,4441.84,2026-08-02 14:53:00,device_2_A,Lorraineton,m8,0
t844,u46,2808.74,2026-08-02 15:38:00,device_46_A,Pearsonville,m18,0
t638,u35,5360.45,2026-08-02 15:44:00,device_35_A,West Bryanburgh,m6,0
t283,u89,4138.65,2026-08-02 16:04:00,device_89_A,West Danielton,m3,0
t819,u17,2082.83,2026-08-02 16:52:00,device_17_A,Port Derekfort,m7,0
t16,u81,3623.74,2026-08-02 17:08:00,device_81_A,Lake Jerryport,m7,0
t788,u70,5686.38,2026-08-02 17:53:00,device_70_A,Chapmanbury,m8,0
t971,u17,2042.73,2026-08-02 19:02:00,device_17_A,Port Derekfort,m10,0
t296,u25,2260.71,2026-08-02 19:16:00,device_25_A,Lake Allison,m11,0
t680,u90,2375.82,2026-08-02 19:31:00,device_90_A,West Julia,m6,0
t897,u20,1517.02,2026-08-02 19:35:00,device_20_A,New Brittanymouth,m5,0
t665,u15,1218.23,2026-08-02 19:36:00,device_15_A,Strongfort,m19,0
t456,u46,4467.87,2026-08-02 19:36:00,device_46_A,Pearsonville,m17,0
t918,u32,1350.27,2026-08-02 19:42:00,device_32_A,North Jonathanland,m13,0
t488,u47,1902.54,2026-08-02 20:09:00,device_47_A,New Kyle,m11,0
t645,u67,908.23,2026-08-02 20:39:00,device_67_A,Shawnhaven,m13,0
t519,u11,706.05,2026-08-02 20:46:00,device_11_A,North Johnbury,m16,0
t154,u24,1705.84,2026-08-02 20:59:00,device_24_A,West Michele,m15,0
t406,u10,3346.52,2026-08-02 21:09:00,device_10_A,Ricardostad,m9,0
t383,u21,3031.49,2026-08-02 21:09:00,device_21_A,Thorntontown,m18,0
t220,u42,2949.95,2026-08-02 21:31:00,device_42_A,Brandiberg,m10,0
t147,u51,4140.89,2026-08-02 22:03:00,device_51_A,South Lauriemouth,m4,0
t686,u38,879.15,2026-08-02 22:06:00,device_38_A,East Danielle,m5,0
t521,u40,2404.88,2026-08-02 22:23:00,device_40_A,Josephfort,m19,0
t379,u34,3483.63,2026-08-02 22:34:00,device_34_A,Butlerbury,m20,0
t356,u33,702.02,2026-08-02 22:54:00,device_33_A,East Sarah,m17,0
t960,u68,25097.22,2026-08-03 02:12:00,device_unknown_4259,Lake Danielland,m10,1
t292,u3,27877.25,2026-08-03 03:36:00,device_unknown_7333,Peggyview,m9,1
t381,u37,12320.01,2026-08-03 03:42:00,device_unknown_5333,Whitebury,m13,1
t427,u30,4815.99,2026-08-03 04:33:00,device_unknown_3616,East Bobbymouth,m17,1
t757,u79,1746.93,2026-08-03 07:39:00,device_79_A,South Brittanyshire,m19,0
t758,u97,2623.99,2026-08-03 08:15:00,device_97_A,Flynnville,m13,0
t772,u38,1116.06,2026-08-03 08:30:00,device_38_A,East Danielle,m10,0
t221,u79,1656.39,2026-08-03 08:43:00,device_79_A,South Brittanyshire,m10,0
t699,u99,445.8,2026-08-03 09:54:00,device_99_A,Alexandershire,m14,0
t2,u61,2487.49,2026-08-03 09:58:00,device_61_A,Wallaceville,m19,0
t236,u53,5413.42,2026-08-03 10:13:00,device_53_A,South Mauricefurt,m3,0
t765,u98,2107.91,2026-08-03 10:17:00,device_98_A,Knightstad,m16,0
t372,u73,606.94,2026-08-03 10:24:00,device_73_A,Jenniferbury,m11,0
t20,u74,4809.48,2026-08-03 10:38:00,device_74_A,North Christopher,m5,0
t194,u76,4371.13,2026-08-03 10:45:00,device_76_A,East Heidi,m15,0
t900,u61,1700.09,2026-08-03 11:10:00,device_61_A,Wallaceville,m20,0
t222,u26,3058.51,2026-08-03 11:25:00,device_26_A,North Amanda,m13,0
t61,u94,3465.85,2026-08-03 11:27:00,device_94_A,South Matthewland,m9,0
t890,u59,734.54,2026-08-03 12:50:00,device_59_A,Alexanderborough,m5,0
t737,u6,1375.73,2026-08-03 12:52:00,device_6_A,Bookerchester,m11,0
t119,u12,5051.3,2026-08-03 13:28:00,device_12_A,Molinafurt,m15,0
t462,u49,3023.49,2026-08-03 13:29:00,device_49_A,Franklinfort,m2,0
t244,u46,4218.27,2026-08-03 13:29:00,device_46_A,Pearsonville,m14,0
t42,u61,1909.88,2026-08-03 13:40:00,device_61_A,Wallaceville,m18,0
t558,u74,4859.14,2026-08-03 14:06:00,device_74_A,North Christopher,m7,0
t797,u56,3525.66,2026-08-03 14:16:00,device_56_A,Christinachester,m1,0
t627,u32,920.53,2026-08-03 14:48:00,device_32_A,North Jonathanland,m17,0
t526,u79,1807.21,2026-08-03 14:51:00,device_79_A,South Brittanyshire,m15,0
t373,u80,878.91,2026-08-03 14:54:00,device_80_A,East Jeremyview,m5,0
t763,u42,2994.28,2026-08-03 15:08:00,device_42_A,Brandiberg,m20,0
t337,u89,3360.55,2026-08-03 16:01:00,device_89_A,West Danielton,m10,0
t121,u75,3854.64,2026-08-03 16:02:00,device_75_A,West Donna,m19,0
t752,u70,4595.76,2026-08-03 16:05:00,device_70_A,Chapmanbury,m6,0
t502,u8,3319.95,2026-08-03 16:11:00,device_8_A,Kochchester,m15,0
t958,u73,509.06,2026-08-03 17:35:00,device_73_A,Jenniferbury,m9,0
t935,u37,1757.31,2026-08-03 17:47:00,device_37_A,Thomasside,m3,0
t246,u29,2809.8,2026-08-03 17:55:00,device_29_A,Timothyport,m9,0
t187,u27,1400.45,2026-08-03 17:56:00,device_27_A,East Catherineville,m4,0
t705,u41,1229.05,2026-08-03 18:09:00,device_41_A,East Laura,m14,0
t689,u53,4184.12,2026-08-03 19:04:00,device_53_A,South Mauricefurt,m16,0
t273,u29,2678.29,2026-08-03 19:48:00,device_29_A,Timothyport,m17,0
t137,u67,994.14,2026-08-03 19:49:00,device_67_A,Shawnhaven,m8,0
t782,u57,1107.11,2026-08-03 21:40:00,device_57_A,West Jessica,m2,0
t228,u16,1682.37,2026-08-03 21:42:00,device_16_A,Lake Lauren,m3,0
t946,u23,2030.5,2026-08-03 21:44:00,device_23_A,Mosston,m11,0
t240,u67,1127.54,2026-08-03 21:57:00,device_67_A,Shawnhaven,m3,0
t969,u24,1586.28,2026-08-03 22:11:00,device_24_A,West Michele,m18,0
t540,u4,2738.54,2026-08-03 22:14:00,device_4_A,South Julie,m17,0
t940,u70,6186.68,2026-08-03 22:28:00,device_70_A,Chapmanbury,m20,0
t145,u82,3578.22,2026-08-03 22:57:00,device_82_A,Francomouth,m4,0
t159,u6,10524.26,2026-08-04 04:36:00,device_unknown_5728,Bellburgh,m4,1
t989,u89,3278.5,2026-08-04 07:05:00,device_89_A,West Danielton,m6,0
t575,u70,4766.93,2026-08-04 07:16:00,device_70_A,Chapmanbury,m14,0
t232,u35,5684.49,2026-08-04 07:35:00,device_35_A,West Bryanburgh,m9,0
t309,u25,3123.52,2026-08-04 08:35:00,device_25_A,Lake Allison,m16,0
t459,u83,2353.96,2026-08-04 08:50:00,device_83_A,Port Jasonview,m18,0
t68,u49,2835.49,2026-08-04 08:52:00,device_49_A,Franklinfort,m10,0
t104,u8,4942.46,2026-08-04 09:27:00,device_8_A,Kochchester,m14,0
t660,u31,3215.39,2026-08-04 09:52:00,device_31_A,West Georgestad,m2,0
t224,u15,1623.04,2026-08-04 10:23:00,device_15_A,Strongfort,m16,0
t764,u40,2359.87,2026-08-04 10:54:00,device_40_A,Josephfort,m17,0
t704,u12,5058.96,2026-08-04 10:56:00,device_12_A,Molinafurt,m4,0
t311,u90,2267.12,2026-08-04 11:33:00,device_90_A,West Julia,m14,0
t26,u74,3854.14,2026-08-04 12:28:00,device_74_A,North Christopher,m18,0
t277,u33,676.66,2026-08-04 12:58:00,device_33_A,East Sarah,m20,0
t991,u28,1994.7,2026-08-04 13:17:00,device_28_A,Richardsonview,m11,0
t864,u95,2790.05,2026-08-04 14:05:00,device_95_A,South Williamshire,m8,0
t92,u35,3462.75,2026-08-04 14:28:00,device_35_A,West Bryanburgh,m16,0
t252,u38,1027.87,2026-08-04 14:30:00,device_38_A,East Danielle,m4,0
t361,u17,1490.0,2026-08-04 14:55:00,device_17_A,Port Derekfort,m12,0
t408,u84,601.72,2026-08-04 14:58:00,device_84_A,North Dianaport,m8,0
t233,u71,5137.88,2026-08-04 15:01:00,device_71_A,Ericside,m6,0
t199,u58,1159.86,2026-08-04 15:09:00,device_58_A,Port Anthony,m15,0
t957,u61,1655.35,2026-08-04 15:12:00,device_61_A,Wallaceville,m16,0
t24,u54,4401.03,2026-08-04 15:22:00,device_54_A,Port Jay,m17,0
t851,u90,3013.6,2026-08-04 16:28:00,device_90_A,West Julia,m5,0
t399,u3,3702.15,2026-08-04 17:34:00,device_3_A,Port Kimhaven,m18,0
t843,u16,946.61,2026-08-04 17:58:00,device_16_A,Lake Lauren,m2,0
t973,u10,2643.62,2026-08-04 18:10:00,device_10_A,Ricardostad,m11,0
t201,u69,621.86,2026-08-04 18:16:00,device_69_A,Sharonland,m19,0
t212,u79,1733.75,2026-08-04 18:55:00,device_79_A,South Brittanyshire,m17,0
t394,u83,2017.96,2026-08-04 19:07:00,device_83_A,Port Jasonview,m5,0
t588,u14,1676.0,2026-08-04 19:27:00,device_14_A,Allenmouth,m12,0
t629,u23,1964.05,2026-08-04 19:54:00,device_23_A,Mosston,m3,0
t889,u22,1227.36,2026-08-04 20:03:00,device_22_A,Smithland,m1,0
t683,u78,886.85,2026-08-04 20:06:00,device_78_A,Pattersonburgh,m6,0
t534,u78,748.71,2026-08-04 20:27:00,device_78_A,Pattersonburgh,m15,0
t287,u10,4698.72,2026-08-04 21:23:00,device_10_A,Ricardostad,m4,0
t411,u6,1134.84,2026-08-04 22:15:00,device_6_A,Bookerchester,m16,0
t247,u21,3618.02,2026-08-04 22:21:00,device_21_A,Thorntontown,m3,0
t787,u9,3215.73,2026-08-04 22:42:00,device_9_A,South Christina,m16,0
t676,u23,2233.35,2026-08-04 22:50:00,device_23_A,Mosston,m13,0
t674,u91,5707.08,2026-08-05 03:30:00,device_unknown_2110,New Deanna,m9,1
t862,u45,9831.79,2026-08-05 03:40:00,device_unknown_8383,East Laurenfurt,m20,1
t135,u42,12314.67,2026-08-05 04:20:00,device_unknown_7658,East Amandaberg,m18,1
t318,u79,19038.56,2026-08-05 04:46:00,device_unknown_9991,Xaviershire,m4,1
t415,u59,886.68,2026-08-05 08:00:00,device_59_A,Alexanderborough,m13,0
t745,u3,3369.23,2026-08-05 08:34:00,device_3_A,Port Kimhaven,m1,0
t49,u6,1540.01,2026-08-05 08:53:00,device_6_A,Bookerchester,m11,0
t899,u43,645.27,2026-08-05 08:53:00,device_43_A,West Thomaston,m18,0
t461,u78,748.35,2026-08-05 09:02:00,device_78_A,Pattersonburgh,m15,0
t12,u35,5340.07,2026-08-05 09:25:00,device_35_A,West Bryanburgh,m20,0
t826,u68,5302.05,2026-08-05 09:53:00,device_68_A,Port David,m6,0
t987,u86,1535.27,2026-08-05 10:37:00,device_86_A,Allisonfurt,m15,0
t746,u96,3148.67,2026-08-05 12:21:00,device_96_A,Delgadoville,m19,0
t832,u48,2875.43,2026-08-05 12:25:00,device_48_A,Gonzalezville,m14,0
t886,u54,3576.76,2026-08-05 12:30:00,device_54_A,Port Jay,m12,0
t62,u3,4289.34,2026-08-05 13:01:00,device_3_A,Port Kimhaven,m9,0
t766,u35,5653.42,2026-08-05 13:05:00,device_35_A,West Bryanburgh,m12,0
t354,u94,3555.98,2026-08-05 14:45:00,device_94_A,South Matthewland,m16,0
t650,u33,860.58,2026-08-05 14:55:00,device_33_A,East Sarah,m18,0
t266,u82,3834.97,2026-08-05 15:21:00,device_82_A,Francomouth,m10,0
t133,u78,760.62,2026-08-05 15:50:00,device_78_A,Pattersonburgh,m11,0
t407,u22,926.13,2026-08-05 15:51:00,device_22_A,Smithland,m18,0
t688,u15,1057.86,2026-08-05 16:01:00,device_15_A,Strongfort,m3,0
t592,u85,2181.88,2026-08-05 16:01:00,device_85_A,North Adamview,m2,0
t416,u51,6137.1,2026-08-05 16:45:00,device_51_A,South Lauriemouth,m2,0
t998,u4,3141.88,2026-08-05 16:50:00,device_4_A,South Julie,m11,0
t419,u72,1652.55,2026-08-05 17:18:00,device_72_A,West Matthewfurt,m6,0
t936,u34,4702.88,2026-08-05 18:28:00,device_34_A,Butlerbury,m7,0
t530,u34,4830.41,2026-08-05 18:58:00,device_34_A,Butlerbury,m16,0
t113,u9,2340.21,2026-08-05 19:14:00,device_9_A,South Christina,m11,0
t892,u22,1138.98,2026-08-05 19:19:00,device_22_A,Smithland,m20,0
t801,u91,843.54,2026-08-05 19:59:00,device_91_A,New Lisaside,m7,0
t842,u17,1911.43,2026-08-05 20:16:00,device_17_A,Port Derekfort,m3,0
t898,u74,4226.4,2026-08-05 20:30:00,device_74_A,North Christopher,m5,0
t647,u16,1146.39,2026-08-05 21:12:00,device_16_A,Lake Lauren,m5,0
t661,u25,1817.13,2026-08-05 22:29:00,device_25_A,Lake Allison,m1,0
t376,u61,2604.11,2026-08-05 22:40:00,device_61_A,Wallaceville,m17,0
t10,u69,7217.22,2026-08-06 02:27:00,device_unknown_2307,Kellyburgh,m4,1
t875,u15,11979.75,2026-08-06 02:27:00,device_unknown_3717,South Leonardfort,m15,1
t37,u83,11279.57,2026-08-06 02:58:00,device_unknown_8953,Justinville,m18,1
t552,u63,30559.59,2026-08-06 04:47:00,device_unknown_3755,New Christopher,m19,1
t35,u55,3359.85,2026-08-06 07:40:00,device_55_A,Gilesstad,m3,0
t978,u33,628.98,2026-08-06 07:53:00,device_33_A,East Sarah,m1,0
t235,u49,3118.01,2026-08-06 07:56:00,device_49_A,Franklinfort,m6,0
t626,u73,499.6,2026-08-06 08:04:00,device_73_A,Jenniferbury,m5,0
t63,u47,2365.44,2026-08-06 08:08:00,device_47_A,New Kyle,m3,0
t759,u46,4047.94,2026-08-06 08:41:00,device_46_A,Pearsonville,m20,0
t656,u64,1810.46,2026-08-06 08:42:00,device_64_A,Meyerhaven,m8,0
t319,u22,993.17,2026-08-06 08:46:00,device_22_A,Smithland,m8,0
t451,u5,1230.76,2026-08-06 08:58:00,device_5_A,East Jeanettebury,m5,0
t610,u59,793.14,2026-08-06 09:36:00,device_59_A,Alexanderborough,m16,0
t583,u3,3527.79,2026-08-06 10:02:00,device_3_A,Port Kimhaven,m4,0
t395,u50,957.52,2026-08-06 10:16:00,device_50_A,Garciabury,m7,0
t226,u29,3841.06,2026-08-06 10:56:00,device_29_A,Timothyport,m12,0
t323,u4,3329.38,2026-08-06 12:22:00,device_4_A,South Julie,m3,0
t230,u94,3913.18,2026-08-06 13:01:00,device_94_A,South Matthewland,m3,0
t140,u44,3546.78,2026-08-06 13:54:00,device_44_A,Alexanderville,m11,0
t473,u73,487.01,2026-08-06 14:37:00,device_73_A,Jenniferbury,m16,0
t938,u56,5305.06,2026-08-06 15:15:00,device_56_A,Christinachester,m7,0
t79,u49,2389.3,2026-08-06 15:39:00,device_49_A,Franklinfort,m2,0
t18,u64,2414.87,2026-08-06 15:41:00,device_64_A,Meyerhaven,m19,0
t158,u2,5201.47,2026-08-06 15:46:00,device_2_A,Lorraineton,m5,0
t738,u75,3361.25,2026-08-06 16:22:00,device_75_A,West Donna,m14,0
t590,u46,3592.89,2026-08-06 16:31:00,device_46_A,Pearsonville,m1,0
t401,u94,2624.55,2026-08-06 16:37:00,device_94_A,South Matthewland,m8,0
t873,u23,2240.84,2026-08-06 16:57:00,device_23_A,Mosston,m5,0
t34,u80,852.69,2026-08-06 17:23:00,device_80_A,East Jeremyview,m1,0
t949,u74,3592.7,2026-08-06 17:30:00,device_74_A,North Christopher,m12,0
t70,u45,1831.23,2026-08-06 18:16:00,device_45_A,West William,m18,0
t883,u37,1889.14,2026-08-06 18:43:00,device_37_A,Thomasside,m12,0
t343,u20,2113.09,2026-08-06 18:53:00,device_20_A,New Brittanymouth,m12,0
t641,u4,2486.27,2026-08-06 19:23:00,device_4_A,South Julie,m12,0
t424,u75,2591.69,2026-08-06 19:28:00,device_75_A,West Donna,m8,0
t733,u46,4331.31,2026-08-06 19:40:00,device_46_A,Pearsonville,m13,0
t785,u13,4199.95,2026-08-06 19:45:00,device_13_A,East Tamara,m5,0
t169,u24,1920.8,2026-08-06 19:50:00,device_24_A,West Michele,m17,0
t984,u89,3853.58,2026-08-06 20:28:00,device_89_A,West Danielton,m8,0
t623,u87,2990.04,2026-08-06 20:52:00,device_87_A,Oliviaside,m1,0
t977,u67,1341.51,2026-08-06 21:02:00,device_67_A,Shawnhaven,m10,0
t75,u8,3605.06,2026-08-06 21:28:00,device_8_A,Kochchester,m12,0
t711,u43,511.12,2026-08-06 21:29:00,device_43_A,West Thomaston,m11,0
t245,u36,3923.82,2026-08-06 21:47:00,device_36_A,South Carolhaven,m13,0
t735,u93,4362.14,2026-08-06 22:26:00,device_93_A,Eatonfort,m12,0
t510,u67,1284.48,2026-08-06 22:40:00,device_67_A,Shawnhaven,m20,0
t9,u46,31250.09,2026-08-07 02:06:00,device_unknown_6925,Bowersfort,m3,1
t730,u20,14201.02,2026-08-07 03:59:00,device_unknown_5536,West Timothyfurt,m10,1
t498,u11,5156.64,2026-08-07 04:16:00,device_unknown_8381,Wrightmouth,m8,1
t709,u77,4916.62,2026-08-07 07:40:00,device_77_A,Hunterburgh,m11,0
t5,u15,1562.95,2026-08-07 07:55:00,device_15_A,Strongfort,m6,0
t1000,u74,3415.86,2026-08-07 08:11:00,device_74_A,North Christopher,m7,0
t195,u77,4931.85,2026-08-07 08:32:00,device_77_A,Hunterburgh,m11,0
t340,u18,3100.85,2026-08-07 08:56:00,device_18_A,Knoxfurt,m3,0
t500,u61,2651.25,2026-08-07 09:18:00,device_61_A,Wallaceville,m3,0
t503,u15,1003.6,2026-08-07 09:19:00,device_15_A,Strongfort,m6,0
t509,u95,3931.8,2026-08-07 09:42:00,device_95_A,South Williamshire,m12,0
t300,u93,4734.36,2026-08-07 10:32:00,device_93_A,Eatonfort,m17,0
t867,u39,3551.07,2026-08-07 10:49:00,device_39_A,West Matthew,m6,0
t520,u2,4038.6,2026-08-07 11:23:00,device_2_A,Lorraineton,m14,0
t564,u57,1096.03,2026-08-07 11:27:00,device_57_A,West Jessica,m5,0
t962,u79,2067.14,2026-08-07 11:28:00,device_79_A,South Brittanyshire,m6,0
t951,u4,3099.54,2026-08-07 11:42:00,device_4_A,South Julie,m19,0
t572,u4,2883.04,2026-08-07 11:52:00,device_4_A,South Julie,m19,0
t153,u99,673.53,2026-08-07 12:31:00,device_99_A,Alexandershire,m8,0
t143,u64,1761.14,2026-08-07 12:47:00,device_64_A,Meyerhaven,m10,0
t666,u90,2345.57,2026-08-07 12:48:00,device_90_A,West Julia,m14,0
t926,u51,4064.49,2026-08-07 13:00:00,device_51_A,South Lauriemouth,m15,0
t85,u68,4244.07,2026-08-07 13:28:00,device_68_A,Port David,m14,0
t632,u59,591.07,2026-08-07 13:31:00,device_59_A,Alexanderborough,m5,0
t402,u49,3441.84,2026-08-07 13:32:00,device_49_A,Franklinfort,m16,0
t937,u37,1514.7,2026-08-07 13:57:00,device_37_A,Thomasside,m16,0
t429,u8,4048.28,2026-08-07 14:07:00,device_8_A,Kochchester,m8,0
t579,u55,3623.17,2026-08-07 14:50:00,device_55_A,Gilesstad,m14,0
t789,u95,2898.46,2026-08-07 14:54:00,device_95_A,South Williamshire,m18,0
t621,u22,1289.82,2026-08-07 14:58:00,device_22_A,Smithland,m15,0
t160,u98,2714.41,2026-08-07 15:04:00,device_98_A,Knightstad,m17,0
t562,u89,3924.61,2026-08-07 15:49:00,device_89_A,West Danielton,m17,0
t725,u92,4183.11,2026-08-07 15:49:00,device_92_A,West Philipport,m14,0
t213,u54,5424.29,2026-08-07 15:50:00,device_54_A,Port Jay,m16,0
t849,u72,1483.37,2026-08-07 16:34:00,device_72_A,West Matthewfurt,m15,0
t425,u71,5058.0,2026-08-07 16:48:00,device_71_A,Ericside,m19,0
t214,u22,1294.55,2026-08-07 17:11:00,device_22_A,Smithland,m4,0
t896,u25,2043.46,2026-08-07 17:27:00,device_25_A,Lake Allison,m15,0
t547,u38,736.75,2026-08-07 17:44:00,device_38_A,East Danielle,m15,0
t452,u18,2405.0,2026-08-07 17:58:00,device_18_A,Knoxfurt,m19,0
t90,u21,3283.5,2026-08-07 17:59:00,device_21_A,Thorntontown,m3,0
t468,u20,1680.89,2026-08-07 18:35:00,device_20_A,New Brittanymouth,m10,0
t544,u66,2265.94,2026-08-07 18:46:00,device_66_A,Lake Benjamin,m5,0
t225,u95,2856.46,2026-08-07 18:46:00,device_95_A,South Williamshire,m7,0
t57,u82,2576.04,2026-08-07 18:50:00,device_82_A,Francomouth,m3,0
t568,u61,2511.79,2026-08-07 18:56:00,device_61_A,Wallaceville,m15,0
t190,u91,937.61,2026-08-07 19:44:00,device_91_A,New Lisaside,m3,0
t84,u24,2157.81,2026-08-07 20:00:00,device_24_A,West Michele,m11,0
t196,u72,1275.82,2026-08-07 20:13:00,device_72_A,West Matthewfurt,m5,0
t374,u68,5208.18,2026-08-07 20:29:00,device_68_A,Port David,m8,0
t165,u68,3324.46,2026-08-07 20:54:00,device_68_A,Port David,m16,0
t990,u96,2345.12,2026-08-07 21:04:00,device_96_A,Delgadoville,m1,0
t767,u48,2261.52,2026-08-07 22:18:00,device_48_A,Gonzalezville,m7,0
t777,u60,2359.59,2026-08-07 22:27:00,device_60_A,Port Joshuamouth,m14,0
t710,u73,465.32,2026-08-07 22:30:00,device_73_A,Jenniferbury,m4,0
t988,u87,4238.29,2026-08-07 22:37:00,device_87_A,Oliviaside,m7,0
t316,u4,3993.85,2026-08-07 22:40:00,device_4_A,South Julie,m5,0
t396,u64,13711.74,2026-08-08 02:19:00,device_unknown_7765,Taylormouth,m14,1
t272,u17,9403.84,2026-08-08 03:22:00,device_unknown_8538,Port Ryanmouth,m3,1
t964,u60,10545.27,2026-08-08 03:39:00,device_unknown_6191,North Mackenzie,m9,1
t684,u93,20533.02,2026-08-08 04:49:00,device_unknown_4112,Port Pennyside,m18,1
t624,u35,5240.55,2026-08-08 07:11:00,device_35_A,West Bryanburgh,m11,0
t732,u56,5152.57,2026-08-08 07:32:00,device_56_A,Christinachester,m16,0
t569,u87,3969.26,2026-08-08 09:44:00,device_87_A,Oliviaside,m15,0
t241,u23,1932.56,2026-08-08 09:54:00,device_23_A,Mosston,m5,0
t837,u32,1177.15,2026-08-08 10:16:00,device_32_A,North Jonathanland,m13,0
t754,u16,1272.57,2026-08-08 11:30:00,device_16_A,Lake Lauren,m11,0
t448,u26,3198.69,2026-08-08 13:02:00,device_26_A,North Amanda,m4,0
t492,u46,2469.65,2026-08-08 13:45:00,device_46_A,Pearsonville,m19,0
t834,u83,1822.91,2026-08-08 13:48:00,device_83_A,Port Jasonview,m20,0
t6,u62,1491.69,2026-08-08 13:49:00,device_62_A,East Kristen,m11,0
t637,u68,3242.68,2026-08-08 14:01:00,device_68_A,Port David,m12,0
t589,u37,2197.48,2026-08-08 14:45:00,device_37_A,Thomasside,m9,0
t720,u13,3849.2,2026-08-08 15:00:00,device_13_A,East Tamara,m3,0
t403,u73,543.9,2026-08-08 15:29:00,device_73_A,Jenniferbury,m10,0
t259,u60,1560.28,2026-08-08 16:10:00,device_60_A,Port Joshuamouth,m11,0
t830,u77,4201.53,2026-08-08 16:11:00,device_77_A,Hunterburgh,m16,0
t739,u43,604.34,2026-08-08 16:56:00,device_43_A,West Thomaston,m15,0
t389,u51,3878.35,2026-08-08 16:57:00,device_51_A,South Lauriemouth,m19,0
t634,u71,3752.13,2026-08-08 18:30:00,device_71_A,Ericside,m7,0
t658,u31,3828.11,2026-08-08 18:40:00,device_31_A,West Georgestad,m19,0
t497,u27,1486.78,2026-08-08 19:00:00,device_27_A,East Catherineville,m11,0
t541,u1,2312.58,2026-08-08 19:09:00,device_1_A,North Matthew,m19,0
t776,u61,1821.1,2026-08-08 19:10:00,device_61_A,Wallaceville,m13,0
t963,u60,1871.86,2026-08-08 19:15:00,device_60_A,Port Joshuamouth,m3,0
t512,u27,1685.18,2026-08-08 19:26:00,device_27_A,East Catherineville,m11,0
t182,u13,3819.12,2026-08-08 19:29:00,device_13_A,East Tamara,m15,0
t114,u19,2205.49,2026-08-08 19:30:00,device_19_A,Port Danielview,m9,0
t516,u88,3118.47,2026-08-08 19:58:00,device_88_A,East Lisa,m12,0
t73,u70,5778.15,2026-08-08 20:25:00,device_70_A,Chapmanbury,m8,0
t496,u93,2872.88,2026-08-08 20:53:00,device_93_A,Eatonfort,m8,0
t866,u60,2409.29,2026-08-08 21:04:00,device_60_A,Port Joshuamouth,m15,0
t743,u51,4598.16,2026-08-08 21:08:00,device_51_A,South Lauriemouth,m5,0
t809,u38,1204.74,2026-08-08 21:14:00,device_38_A,East Danielle,m5,0
t515,u100,862.19,2026-08-08 22:17:00,device_100_A,West Darryl,m19,0
t523,u39,29383.31,2026-08-09 01:21:00,device_unknown_9796,North Marymouth,m4,1
t28,u83,18443.04,2026-08-09 02:14:00,device_unknown_6038,Port Alexisport,m2,1
t614,u92,23362.6,2026-08-09 02:46:00,device_unknown_3458,New Amy,m2,1
t878,u58,7468.05,2026-08-09 03:45:00,device_unknown_4387,Johnside,m13,1
t505,u54,33159.67,2026-08-09 04:17:00,device_unknown_6315,West Amy,m1,1
t695,u51,43332.59,2026-08-09 04:24:00,device_unknown_7858,Craigberg,m19,1
t304,u72,11234.87,2026-08-09 04:57:00,device_unknown_4891,Lindsaybury,m20,1
t106,u46,4326.98,2026-08-09 07:42:00,device_46_A,Pearsonville,m19,0
t324,u3,2809.84,2026-08-09 07:56:00,device_3_A,Port Kimhaven,m13,0
t817,u1,1720.36,2026-08-09 08:00:00,device_1_A,North Matthew,m7,0
t487,u25,2633.02,2026-08-09 08:59:00,device_25_A,Lake Allison,m1,0
t345,u46,3364.25,2026-08-09 09:10:00,device_46_A,Pearsonville,m19,0
t854,u51,4971.54,2026-08-09 09:13:00,device_51_A,South Lauriemouth,m10,0
t602,u8,4625.87,2026-08-09 09:23:00,device_8_A,Kochchester,m10,0
t203,u21,3943.05,2026-08-09 10:05:00,device_21_A,Thorntontown,m8,0
t501,u4,3599.61,2026-08-09 11:31:00,device_4_A,South Julie,m13,0
t781,u17,1993.97,2026-08-09 11:50:00,device_17_A,Port Derekfort,m16,0
t646,u44,5096.72,2026-08-09 12:01:00,device_44_A,Alexanderville,m12,0
t86,u80,1130.08,2026-08-09 12:03:00,device_80_A,East Jeremyview,m20,0
t334,u24,1941.12,2026-08-09 12:09:00,device_24_A,West Michele,m16,0
t542,u27,1688.46,2026-08-09 12:13:00,device_27_A,East Catherineville,m10,0
t611,u39,2624.39,2026-08-09 12:40:00,device_39_A,West Matthew,m12,0
t721,u5,877.27,2026-08-09 13:06:00,device_5_A,East Jeanettebury,m8,0
t537,u91,729.49,2026-08-09 13:21:00,device_91_A,New Lisaside,m7,0
t208,u58,1148.93,2026-08-09 13:24:00,device_58_A,Port Anthony,m20,0
t122,u75,3452.62,2026-08-09 13:58:00,device_75_A,West Donna,m3,0
t795,u14,1739.63,2026-08-09 14:26:00,device_14_A,Allenmouth,m15,0
t506,u37,2184.12,2026-08-09 14:47:00,device_37_A,Thomasside,m19,0
t346,u59,660.48,2026-08-09 15:24:00,device_59_A,Alexanderborough,m8,0
t948,u50,1421.97,2026-08-09 15:28:00,device_50_A,Garciabury,m6,0
t335,u50,1670.92,2026-08-09 15:37:00,device_50_A,Garciabury,m3,0
t204,u53,4939.97,2026-08-09 16:02:00,device_53_A,South Mauricefurt,m1,0
t282,u98,2434.6,2026-08-09 16:12:00,device_98_A,Knightstad,m15,0
t669,u24,1899.59,2026-08-09 16:38:00,device_24_A,West Michele,m5,0
t385,u78,769.81,2026-08-09 17:07:00,device_78_A,Pattersonburgh,m18,0
t823,u60,1865.67,2026-08-09 17:39:00,device_60_A,Port Joshuamouth,m18,0
t326,u13,4981.02,2026-08-09 18:01:00,device_13_A,East Tamara,m8,0
t7,u93,2974.15,2026-08-09 18:29:00,device_93_A,Eatonfort,m20,0
t651,u95,4640.76,2026-08-09 18:53:00,device_95_A,South Williamshire,m16,0
t499,u53,4534.43,2026-08-09 19:01:00,device_53_A,South Mauricefurt,m3,0
t443,u83,1927.62,2026-08-09 19:53:00,device_83_A,Port Jasonview,m13,0
t691,u93,3616.09,2026-08-09 21:19:00,device_93_A,Eatonfort,m2,0
t40,u35,4623.17,2026-08-09 21:29:00,device_35_A,West Bryanburgh,m2,0
t58,u61,1958.91,2026-08-09 21:48:00,device_61_A,Wallaceville,m18,0
t965,u96,2348.47,2026-08-09 21:58:00,device_96_A,Delgadoville,m12,0
t994,u54,3362.59,2026-08-09 22:18:00,device_54_A,Port Jay,m6,0
t132,u72,1257.36,2026-08-09 22:58:00,device_72_A,West Matthewfurt,m11,0
t677,u34,3629.27,2026-08-09 22:59:00,device_34_A,Butlerbury,m19,0
t639,u18,26117.74,2026-08-10 01:51:00,device_unknown_5093,Port Ginaland,m15,1
t82,u4,12808.25,2026-08-10 02:08:00,device_unknown_9821,Kimmouth,m12,1
t934,u94,3852.59,2026-08-10 07:14:00,device_94_A,South Matthewland,m9,0
t254,u42,3293.31,2026-08-10 07:21:00,device_42_A,Brandiberg,m20,0
t367,u70,5291.13,2026-08-10 07:30:00,device_70_A,Chapmanbury,m16,0
t87,u36,4256.8,2026-08-10 07:46:00,device_36_A,South Carolhaven,m10,0
t846,u28,2700.97,2026-08-10 07:52:00,device_28_A,Richardsonview,m13,0
t161,u56,3478.26,2026-08-10 08:04:00,device_56_A,Christinachester,m14,0
t604,u20,1393.37,2026-08-10 08:17:00,device_20_A,New Brittanymouth,m10,0
t168,u16,1574.67,2026-08-10 08:42:00,device_16_A,Lake Lauren,m15,0
t915,u2,5598.38,2026-08-10 08:45:00,device_2_A,Lorraineton,m6,0
t148,u63,4208.38,2026-08-10 08:50:00,device_63_A,Brewerfort,m5,0
t437,u17,1820.64,2026-08-10 08:52:00,device_17_A,Port Derekfort,m18,0
t790,u35,5767.22,2026-08-10 09:14:00,device_35_A,West Bryanburgh,m15,0
t77,u44,4118.77,2026-08-10 09:36:00,device_44_A,Alexanderville,m9,0
t357,u97,3405.66,2026-08-10 09:36:00,device_97_A,Flynnville,m5,0
t712,u19,2597.68,2026-08-10 09:36:00,device_19_A,Port Danielview,m7,0
t66,u25,2645.58,2026-08-10 10:34:00,device_25_A,Lake Allison,m3,0
t761,u21,3144.64,2026-08-10 10:36:00,device_21_A,Thorntontown,m18,0
t513,u75,4377.59,2026-08-10 11:10:00,device_75_A,West Donna,m10,0
t460,u95,4105.78,2026-08-10 11:28:00,device_95_A,South Williamshire,m13,0
t189,u24,2626.83,2026-08-10 11:54:00,device_24_A,West Michele,m3,0
t71,u15,1692.98,2026-08-10 11:56:00,device_15_A,Strongfort,m8,0
t197,u48,2952.66,2026-08-10 12:02:00,device_48_A,Gonzalezville,m6,0
t535,u12,5243.33,2026-08-10 12:12:00,device_12_A,Molinafurt,m14,0
t895,u48,3012.16,2026-08-10 12:20:00,device_48_A,Gonzalezville,m20,0
t983,u28,2636.35,2026-08-10 12:43:00,device_28_A,Richardsonview,m13,0
t341,u30,650.88,2026-08-10 12:50:00,device_30_A,Clinemouth,m1,0
t423,u51,5357.0,2026-08-10 12:54:00,device_51_A,South Lauriemouth,m5,0
t382,u67,828.72,2026-08-10 13:46:00,device_67_A,Shawnhaven,m12,0
t471,u34,3469.82,2026-08-10 14:03:00,device_34_A,Butlerbury,m5,0
t694,u94,3880.29,2026-08-10 14:05:00,device_94_A,South Matthewland,m18,0
t556,u18,2178.81,2026-08-10 14:11:00,device_18_A,Knoxfurt,m10,0
t833,u12,3673.58,2026-08-10 14:19:00,device_12_A,Molinafurt,m7,0
t808,u21,4189.33,2026-08-10 14:38:00,device_21_A,Thorntontown,m9,0
t485,u73,511.94,2026-08-10 14:44:00,device_73_A,Jenniferbury,m8,0
t910,u20,1880.78,2026-08-10 15:19:00,device_20_A,New Brittanymouth,m13,0
t909,u76,4124.35,2026-08-10 15:41:00,device_76_A,East Heidi,m9,0
t457,u82,3122.93,2026-08-10 16:22:00,device_82_A,Francomouth,m13,0
t920,u57,634.53,2026-08-10 16:44:00,device_57_A,West Jessica,m7,0
t616,u46,4349.99,2026-08-10 17:19:00,device_46_A,Pearsonville,m9,0
t80,u8,3990.61,2026-08-10 17:19:00,device_8_A,Kochchester,m14,0
t88,u59,824.14,2026-08-10 17:46:00,device_59_A,Alexanderborough,m15,0
t950,u1,1805.86,2026-08-10 18:31:00,device_1_A,North Matthew,m12,0
t313,u43,479.25,2026-08-10 18:35:00,device_43_A,West Thomaston,m8,0
t109,u33,785.9,2026-08-10 19:01:00,device_33_A,East Sarah,m11,0
t707,u59,553.19,2026-08-10 19:04:00,device_59_A,Alexanderborough,m2,0
t545,u72,1474.88,2026-08-10 19:24:00,device_72_A,West Matthewfurt,m14,0
t599,u14,1461.3,2026-08-10 20:20:00,device_14_A,Allenmouth,m14,0
t17,u90,3230.84,2026-08-10 21:04:00,device_90_A,West Julia,m5,0
t43,u82,2677.23,2026-08-10 21:24:00,device_82_A,Francomouth,m8,0
t262,u26,3998.59,2026-08-10 21:34:00,device_26_A,North Amanda,m14,0
t202,u5,1339.34,2026-08-10 21:43:00,device_5_A,East Jeanettebury,m10,0
t550,u1,2460.98,2026-08-10 21:59:00,device_1_A,North Matthew,m16,0
t571,u14,1739.23,2026-08-10 22:38:00,device_14_A,Allenmouth,m9,0
t911,u29,3264.84,2026-08-10 22:40:00,device_29_A,Timothyport,m6,0
t317,u74,4040.99,2026-08-11 07:11:00,device_74_A,North Christopher,m3,0
t884,u2,5888.2,2026-08-11 07:17:00,device_2_A,Lorraineton,m17,0
t768,u86,1763.77,2026-08-11 07:30:00,device_86_A,Allisonfurt,m1,0
t22,u59,715.81,2026-08-11 07:37:00,device_59_A,Alexanderborough,m4,0
t879,u58,1698.28,2026-08-11 08:17:00,device_58_A,Port Anthony,m11,0
t885,u66,2351.83,2026-08-11 09:14:00,device_66_A,Lake Benjamin,m17,0
t905,u96,3156.29,2026-08-11 09:34:00,device_96_A,Delgadoville,m10,0
t740,u61,1646.77,2026-08-11 09:58:00,device_61_A,Wallaceville,m16,0
t635,u76,3247.49,2026-08-11 10:02:00,device_76_A,East Heidi,m3,0
t527,u27,1627.06,2026-08-11 11:53:00,device_27_A,East Catherineville,m12,0
t177,u58,1169.43,2026-08-11 11:53:00,device_58_A,Port Anthony,m13,0
t698,u77,3191.38,2026-08-11 12:14:00,device_77_A,Hunterburgh,m7,0
t914,u29,3703.64,2026-08-11 12:54:00,device_29_A,Timothyport,m4,0
t586,u96,2479.03,2026-08-11 13:21:00,device_96_A,Delgadoville,m5,0
t620,u35,3414.91,2026-08-11 13:26:00,device_35_A,West Bryanburgh,m10,0
t100,u56,4509.17,2026-08-11 14:14:00,device_56_A,Christinachester,m9,0
t836,u32,1069.92,2026-08-11 14:23:00,device_32_A,North Jonathanland,m2,0
t155,u69,730.84,2026-08-11 14:38:00,device_69_A,Sharonland,m10,0
t974,u42,3505.84,2026-08-11 15:08:00,device_42_A,Brandiberg,m18,0
t649,u40,1827.25,2026-08-11 15:36:00,device_40_A,Josephfort,m13,0
t692,u28,2414.57,2026-08-11 15:59:00,device_28_A,Richardsonview,m19,0
t511,u59,537.62,2026-08-11 16:03:00,device_59_A,Alexanderborough,m1,0
t281,u75,3553.23,2026-08-11 16:05:00,device_75_A,West Donna,m9,0
t839,u19,2424.4,2026-08-11 16:20:00,device_19_A,Port Danielview,m7,0
t771,u67,1466.7,2026-08-11 16:26:00,device_67_A,Shawnhaven,m9,0
t166,u22,1024.85,2026-08-11 17:41:00,device_22_A,Smithland,m11,0
t430,u98,1919.54,2026-08-11 18:09:00,device_98_A,Knightstad,m14,0
t11,u83,2150.97,2026-08-11 18:37:00,device_83_A,Port Jasonview,m6,0
t696,u53,4157.16,2026-08-11 19:06:00,device_53_A,South Mauricefurt,m2,0
t903,u63,4964.09,2026-08-11 19:18:00,device_63_A,Brewerfort,m12,0
t528,u71,3031.93,2026-08-11 20:39:00,device_71_A,Ericside,m3,0
t441,u50,957.65,2026-08-11 20:48:00,device_50_A,Garciabury,m6,0
t131,u71,3364.2,2026-08-11 21:11:00,device_71_A,Ericside,m19,0
t188,u49,2249.24,2026-08-11 21:27:00,device_49_A,Franklinfort,m1,0
t479,u36,3822.99,2026-08-11 22:02:00,device_36_A,South Carolhaven,m16,0
t171,u29,19535.56,2026-08-12 04:08:00,device_unknown_9167,Rojasmouth,m2,1
t792,u28,3228.12,2026-08-12 07:37:00,device_28_A,Richardsonview,m4,0
t715,u68,3871.64,2026-08-12 07:46:00,device_68_A,Port David,m6,0
t321,u51,5145.4,2026-08-12 07:58:00,device_51_A,South Lauriemouth,m17,0
t731,u95,4601.61,2026-08-12 08:30:00,device_95_A,South Williamshire,m20,0
t919,u8,3834.35,2026-08-12 08:32:00,device_8_A,Kochchester,m6,0
t476,u32,1027.1,2026-08-12 08:41:00,device_32_A,North Jonathanland,m17,0
t747,u68,4813.2,2026-08-12 09:22:00,device_68_A,Port David,m5,0
t362,u4,3950.79,2026-08-12 09:23:00,device_4_A,South Julie,m9,0
t924,u11,420.3,2026-08-12 09:45:00,device_11_A,North Johnbury,m3,0
t594,u14,1576.12,2026-08-12 09:50:00,device_14_A,Allenmouth,m17,0
t718,u45,1561.59,2026-08-12 10:51:00,device_45_A,West William,m1,0
t364,u73,569.25,2026-08-12 11:28:00,device_73_A,Jenniferbury,m6,0
t667,u56,5064.5,2026-08-12 12:04:00,device_56_A,Christinachester,m18,0
t508,u35,3816.0,2026-08-12 12:18:00,device_35_A,West Bryanburgh,m14,0
t308,u18,2908.54,2026-08-12 12:39:00,device_18_A,Knoxfurt,m7,0
t719,u89,4745.95,2026-08-12 12:56:00,device_89_A,West Danielton,m16,0
t435,u5,1160.13,2026-08-12 13:10:00,device_5_A,East Jeanettebury,m19,0
t81,u34,3669.96,2026-08-12 13:18:00,device_34_A,Butlerbury,m9,0
t483,u22,890.15,2026-08-12 13:23:00,device_22_A,Smithland,m20,0
t622,u49,3844.33,2026-08-12 13:26:00,device_49_A,Franklinfort,m18,0
t755,u88,3084.5,2026-08-12 13:42:00,device_88_A,East Lisa,m6,0
t378,u90,2557.61,2026-08-12 14:02:00,device_90_A,West Julia,m7,0
t101,u12,4819.63,2026-08-12 14:41:00,device_12_A,Molinafurt,m9,0
t173,u13,3281.54,2026-08-12 14:43:00,device_13_A,East Tamara,m6,0
t880,u30,765.85,2026-08-12 15:44:00,device_30_A,Clinemouth,m9,0
t942,u73,650.22,2026-08-12 15:53:00,device_73_A,Jenniferbury,m16,0
t128,u61,2877.17,2026-08-12 15:56:00,device_61_A,Wallaceville,m20,0
t822,u85,2223.43,2026-08-12 16:01:00,device_85_A,North Adamview,m2,0
t25,u4,3984.71,2026-08-12 16:15:00,device_4_A,South Julie,m17,0
t142,u5,1040.88,2026-08-12 16:26:00,device_5_A,East Jeanettebury,m4,0
t78,u67,1065.89,2026-08-12 17:12:00,device_67_A,Shawnhaven,m1,0
t652,u60,1780.2,2026-08-12 17:41:00,device_60_A,Port Joshuamouth,m13,0
t728,u56,6041.37,2026-08-12 18:21:00,device_56_A,Christinachester,m18,0
t874,u7,574.33,2026-08-12 18:45:00,device_7_A,Lake Ashleyview,m17,0
t46,u5,1188.63,2026-08-12 19:13:00,device_5_A,East Jeanettebury,m2,0
t741,u42,2105.95,2026-08-12 19:19:00,device_42_A,Brandiberg,m17,0
t618,u57,1157.67,2026-08-12 19:40:00,device_57_A,West Jessica,m3,0
t966,u74,5334.21,2026-08-12 20:30:00,device_74_A,North Christopher,m6,0
t522,u44,5758.74,2026-08-12 20:40:00,device_44_A,Alexanderville,m18,0
t469,u62,2116.38,2026-08-12 21:03:00,device_62_A,East Kristen,m4,0
t331,u93,3683.94,2026-08-12 22:28:00,device_93_A,Eatonfort,m9,0
t480,u26,29482.79,2026-08-13 01:39:00,device_unknown_1194,New Shane,m17,1
t144,u40,11806.84,2026-08-13 01:42:00,device_unknown_1745,South Stephen,m18,1
t355,u63,31439.35,2026-08-13 02:34:00,device_unknown_8657,Martinview,m20,1
t116,u44,19802.8,2026-08-13 02:35:00,device_unknown_6733,Gordontown,m3,1
t217,u89,21301.14,2026-08-13 03:02:00,device_unknown_7038,North Amychester,m19,1
t472,u86,18864.66,2026-08-13 03:10:00,device_unknown_7841,New Ianfort,m5,1
t417,u52,30376.15,2026-08-13 03:10:00,device_unknown_6489,East Breanna,m15,1
t328,u35,29223.62,2026-08-13 04:11:00,device_unknown_3868,South Robertmouth,m16,1
t835,u40,2962.47,2026-08-13 07:33:00,device_40_A,Josephfort,m4,0
t481,u24,2764.19,2026-08-13 07:35:00,device_24_A,West Michele,m17,0
t956,u33,963.25,2026-08-13 08:00:00,device_33_A,East Sarah,m13,0
t853,u71,3119.76,2026-08-13 08:08:00,device_71_A,Ericside,m1,0
t105,u100,965.36,2026-08-13 08:20:00,device_100_A,West Darryl,m7,0
t786,u26,4982.07,2026-08-13 08:55:00,device_26_A,North Amanda,m1,0
t260,u23,1919.42,2026-08-13 08:58:00,device_23_A,Mosston,m5,0
t847,u40,1745.26,2026-08-13 09:05:00,device_40_A,Josephfort,m19,0
t859,u63,3146.14,2026-08-13 09:11:00,device_63_A,Brewerfort,m9,0
t45,u82,3971.15,2026-08-13 09:13:00,device_82_A,Francomouth,m8,0
t149,u12,6175.48,2026-08-13 09:23:00,device_12_A,Molinafurt,m8,0
t681,u32,1603.34,2026-08-13 09:45:00,device_32_A,North Jonathanland,m11,0
t29,u18,3628.74,2026-08-13 09:51:00,device_18_A,Knoxfurt,m16,0
t310,u99,774.49,2026-08-13 10:51:00,device_99_A,Alexandershire,m10,0
t876,u12,6174.27,2026-08-13 11:18:00,device_12_A,Molinafurt,m16,0
t445,u51,4551.09,2026-08-13 11:24:00,device_51_A,South Lauriemouth,m8,0
t418,u94,3069.9,2026-08-13 11:42:00,device_94_A,South Matthewland,m17,0
t344,u79,1520.23,2026-08-13 11:47:00,device_79_A,South Brittanyshire,m15,0
t103,u35,3625.99,2026-08-13 11:59:00,device_35_A,West Bryanburgh,m8,0
t455,u97,3619.89,2026-08-13 12:02:00,device_97_A,Flynnville,m14,0
t141,u94,3844.3,2026-08-13 12:39:00,device_94_A,South Matthewland,m7,0
t561,u93,3408.18,2026-08-13 12:41:00,device_93_A,Eatonfort,m11,0
t13,u5,1367.34,2026-08-13 12:42:00,device_5_A,East Jeanettebury,m15,0
t780,u88,3729.61,2026-08-13 12:43:00,device_88_A,East Lisa,m20,0
t517,u41,860.19,2026-08-13 12:56:00,device_41_A,East Laura,m18,0
t828,u56,3990.88,2026-08-13 12:58:00,device_56_A,Christinachester,m19,0
t825,u16,1514.93,2026-08-13 13:31:00,device_16_A,Lake Lauren,m7,0
t231,u72,1149.25,2026-08-13 13:40:00,device_72_A,West Matthewfurt,m8,0
t906,u7,719.65,2026-08-13 13:56:00,device_7_A,Lake Ashleyview,m1,0
t551,u95,2852.04,2026-08-13 14:46:00,device_95_A,South Williamshire,m10,0
t458,u54,4454.8,2026-08-13 14:46:00,device_54_A,Port Jay,m10,0
t959,u76,3910.94,2026-08-13 15:01:00,device_76_A,East Heidi,m12,0
t702,u31,2896.57,2026-08-13 15:29:00,device_31_A,West Georgestad,m17,0
t348,u87,2915.57,2026-08-13 15:44:00,device_87_A,Oliviaside,m15,0
t253,u58,1272.11,2026-08-13 15:47:00,device_58_A,Port Anthony,m19,0
t912,u8,4354.94,2026-08-13 16:03:00,device_8_A,Kochchester,m19,0
t928,u76,2810.57,2026-08-13 16:05:00,device_76_A,East Heidi,m11,0
t352,u2,4899.11,2026-08-13 16:22:00,device_2_A,Lorraineton,m6,0
t363,u74,3605.31,2026-08-13 16:49:00,device_74_A,North Christopher,m20,0
t172,u91,808.33,2026-08-13 16:56:00,device_91_A,New Lisaside,m15,0
t368,u54,3955.46,2026-08-13 16:57:00,device_54_A,Port Jay,m16,0
t23,u53,5439.4,2026-08-13 17:15:00,device_53_A,South Mauricefurt,m4,0
t831,u41,959.83,2026-08-13 17:27:00,device_41_A,East Laura,m17,0
t27,u81,5484.77,2026-08-13 17:38:00,device_81_A,Lake Jerryport,m16,0
t249,u93,2887.67,2026-08-13 17:51:00,device_93_A,Eatonfort,m4,0
t268,u47,2135.22,2026-08-13 18:51:00,device_47_A,New Kyle,m3,0
t447,u99,586.42,2026-08-13 19:20:00,device_99_A,Alexandershire,m8,0
t881,u45,1338.78,2026-08-13 19:23:00,device_45_A,West William,m12,0
t494,u33,669.29,2026-08-13 19:59:00,device_33_A,East Sarah,m18,0
t504,u57,927.72,2026-08-13 20:11:00,device_57_A,West Jessica,m4,0
t31,u36,3306.41,2026-08-13 20:15:00,device_36_A,South Carolhaven,m7,0
t4,u28,2305.56,2026-08-13 20:30:00,device_28_A,Richardsonview,m8,0
t986,u6,1424.69,2026-08-13 20:30:00,device_6_A,Bookerchester,m7,0
t243,u41,920.06,2026-08-13 20:45:00,device_41_A,East Laura,m4,0
t98,u45,1759.84,2026-08-13 21:14:00,device_45_A,West William,m20,0
t307,u57,1159.3,2026-08-13 21:31:00,device_57_A,West Jessica,m10,0
t139,u45,1495.52,2026-08-13 21:35:00,device_45_A,West William,m9,0
t279,u98,2801.88,2026-08-13 21:52:00,device_98_A,Knightstad,m19,0
t129,u22,1313.55,2026-08-13 21:54:00,device_22_A,Smithland,m14,0
t398,u32,1134.32,2026-08-13 22:19:00,device_32_A,North Jonathanland,m17,0
t581,u63,22657.08,2026-08-14 01:13:00,device_unknown_8291,New Misty,m1,1
t664,u17,15379.21,2026-08-14 01:22:00,device_unknown_3320,North Jacqueline,m17,1
t671,u9,18939.43,2026-08-14 01:59:00,device_unknown_4619,Port Albertstad,m16,1
t50,u52,27361.28,2026-08-14 02:02:00,device_unknown_9701,West Michelle,m2,1
t450,u5,5050.49,2026-08-14 02:22:00,device_unknown_1797,Port Karlahaven,m2,1
t921,u57,6344.39,2026-08-14 02:24:00,device_unknown_4795,Port Danielton,m2,1
t59,u8,5674.52,2026-08-14 07:03:00,device_8_A,Kochchester,m18,0
t682,u73,648.68,2026-08-14 07:07:00,device_73_A,Jenniferbury,m14,0
t392,u4,2825.4,2026-08-14 07:46:00,device_4_A,South Julie,m20,0
t617,u42,2520.09,2026-08-14 08:08:00,device_42_A,Brandiberg,m6,0
t124,u18,3385.94,2026-08-14 08:54:00,device_18_A,Knoxfurt,m12,0
t397,u100,1234.17,2026-08-14 08:56:00,device_100_A,West Darryl,m5,0
t432,u19,2990.86,2026-08-14 09:23:00,device_19_A,Port Danielview,m17,0
t162,u61,1912.19,2026-08-14 09:42:00,device_61_A,Wallaceville,m8,0
t917,u97,2741.71,2026-08-14 09:48:00,device_97_A,Flynnville,m9,0
t633,u59,538.46,2026-08-14 10:19:00,device_59_A,Alexanderborough,m6,0
t729,u45,1447.47,2026-08-14 10:37:00,device_45_A,West William,m16,0
t251,u2,4240.51,2026-08-14 10:54:00,device_2_A,Lorraineton,m19,0
t388,u49,3658.45,2026-08-14 11:05:00,device_49_A,Franklinfort,m11,0
t543,u61,1688.7,2026-08-14 11:18:00,device_61_A,Wallaceville,m11,0
t178,u23,1823.62,2026-08-14 11:20:00,device_23_A,Mosston,m3,0
t662,u59,577.5,2026-08-14 11:23:00,device_59_A,Alexanderborough,m11,0
t804,u69,1064.16,2026-08-14 11:50:00,device_69_A,Sharonland,m16,0
t655,u62,2236.98,2026-08-14 12:56:00,device_62_A,East Kristen,m4,0
t927,u67,797.08,2026-08-14 12:58:00,device_67_A,Shawnhaven,m14,0
t734,u41,1180.15,2026-08-14 13:24:00,device_41_A,East Laura,m11,0
t668,u80,1197.29,2026-08-14 14:10:00,device_80_A,East Jeremyview,m19,0
t724,u1,2579.94,2026-08-14 14:18:00,device_1_A,North Matthew,m9,0
t130,u38,808.96,2026-08-14 14:34:00,device_38_A,East Danielle,m3,0
t19,u54,4253.49,2026-08-14 14:41:00,device_54_A,Port Jay,m5,0
t198,u16,1620.21,2026-08-14 14:51:00,device_16_A,Lake Lauren,m16,0
t134,u95,4448.49,2026-08-14 15:34:00,device_95_A,South Williamshire,m18,0
t810,u29,3545.8,2026-08-14 16:03:00,device_29_A,Timothyport,m18,0
t238,u20,1314.48,2026-08-14 16:55:00,device_20_A,New Brittanymouth,m15,0
t286,u14,1588.13,2026-08-14 17:12:00,device_14_A,Allenmouth,m20,0
t371,u8,3457.55,2026-08-14 17:19:00,device_8_A,Kochchester,m12,0
t290,u92,2950.05,2026-08-14 18:02:00,device_92_A,West Philipport,m10,0
t138,u75,3391.59,2026-08-14 18:36:00,device_75_A,West Donna,m14,0
t559,u82,3679.87,2026-08-14 20:05:00,device_82_A,Francomouth,m6,0
t815,u77,4139.01,2026-08-14 20:17:00,device_77_A,Hunterburgh,m18,0
t566,u69,901.85,2026-08-14 20:21:00,device_69_A,Sharonland,m13,0
t944,u72,1083.24,2026-08-14 20:56:00,device_72_A,West Matthewfurt,m16,0
t342,u1,2418.95,2026-08-14 21:48:00,device_1_A,North Matthew,m2,0
t930,u99,522.28,2026-08-14 21:58:00,device_99_A,Alexandershire,m13,0
t349,u9,2792.68,2026-08-14 22:09:00,device_9_A,South Christina,m7,0
t894,u70,6401.87,2026-08-14 22:14:00,device_70_A,Chapmanbury,m6,0
t146,u91,903.83,2026-08-14 22:30:00,device_91_A,New Lisaside,m15,0
t791,u96,2637.31,2026-08-14 22:57:00,device_96_A,Delgadoville,m15,0
t56,u25,25499.43,2026-08-15 01:14:00,device_unknown_2638,Lake Janetside,m18,1
t332,u54,23297.31,2026-08-15 01:17:00,device_unknown_6848,Kingburgh,m11,1
t625,u45,10415.92,2026-08-15 01:58:00,device_unknown_6038,Pachecomouth,m7,1
t193,u10,29882.86,2026-08-15 02:41:00,device_unknown_5708,West Lisa,m3,1
t783,u24,12645.61,2026-08-15 02:42:00,device_unknown_9598,Lake Kristaborough,m11,1
t525,u100,7947.97,2026-08-15 03:16:00,device_unknown_7547,New Desireeport,m14,1
t648,u11,4564.36,2026-08-15 04:09:00,device_unknown_5835,Smithmouth,m14,1
t908,u27,7317.83,2026-08-15 04:28:00,device_unknown_6175,East Gary,m12,1
t229,u27,1515.58,2026-08-15 07:27:00,device_27_A,East Catherineville,m2,0
t205,u15,1235.8,2026-08-15 07:28:00,device_15_A,Strongfort,m19,0
t117,u80,739.66,2026-08-15 07:56:00,device_80_A,East Jeremyview,m8,0
t567,u7,895.96,2026-08-15 09:02:00,device_7_A,Lake Ashleyview,m13,0
t916,u61,1581.47,2026-08-15 09:16:00,device_61_A,Wallaceville,m5,0
t261,u14,1062.33,2026-08-15 09:25:00,device_14_A,Allenmouth,m9,0
t384,u94,3353.25,2026-08-15 10:22:00,device_94_A,South Matthewland,m5,0
t605,u33,907.2,2026-08-15 10:23:00,device_33_A,East Sarah,m1,0
t271,u1,2077.51,2026-08-15 10:36:00,device_1_A,North Matthew,m13,0
t218,u65,2230.27,2026-08-15 10:43:00,device_65_A,Robertstad,m8,0
t814,u18,2556.46,2026-08-15 10:49:00,device_18_A,Knoxfurt,m12,0
t478,u32,1063.14,2026-08-15 11:26:00,device_32_A,North Jonathanland,m1,0
t293,u40,3171.92,2026-08-15 11:34:00,device_40_A,Josephfort,m11,0
t856,u49,3584.43,2026-08-15 11:45:00,device_49_A,Franklinfort,m6,0
t813,u82,4247.08,2026-08-15 12:02:00,device_82_A,Francomouth,m17,0
t420,u43,559.39,2026-08-15 12:03:00,device_43_A,West Thomaston,m1,0
t546,u46,3559.43,2026-08-15 12:04:00,device_46_A,Pearsonville,m18,0
t524,u6,1320.76,2026-08-15 12:08:00,device_6_A,Bookerchester,m20,0
t922,u47,1332.22,2026-08-15 12:43:00,device_47_A,New Kyle,m3,0
t65,u28,3624.16,2026-08-15 12:56:00,device_28_A,Richardsonview,m15,0
t794,u63,4578.34,2026-08-15 13:05:00,device_63_A,Brewerfort,m15,0
t841,u3,2804.82,2026-08-15 13:23:00,device_3_A,Port Kimhaven,m14,0
t587,u99,683.16,2026-08-15 13:27:00,device_99_A,Alexandershire,m3,0
t591,u48,3480.79,2026-08-15 13:34:00,device_48_A,Gonzalezville,m17,0
t857,u23,2179.12,2026-08-15 13:54:00,device_23_A,Mosston,m4,0
t393,u49,3462.67,2026-08-15 14:02:00,device_49_A,Franklinfort,m2,0
t751,u36,4717.75,2026-08-15 14:15:00,device_36_A,South Carolhaven,m12,0
t14,u28,3131.75,2026-08-15 14:31:00,device_28_A,Richardsonview,m11,0
t642,u39,2685.8,2026-08-15 15:05:00,device_39_A,West Matthew,m3,0
t893,u73,373.26,2026-08-15 16:13:00,device_73_A,Jenniferbury,m3,0
t380,u81,4837.77,2026-08-15 16:18:00,device_81_A,Lake Jerryport,m18,0
t976,u81,4750.98,2026-08-15 16:24:00,device_81_A,Lake Jerryport,m12,0
t861,u13,3569.69,2026-08-15 16:58:00,device_13_A,East Tamara,m20,0
t280,u14,1301.13,2026-08-15 17:04:00,device_14_A,Allenmouth,m5,0
t807,u7,807.31,2026-08-15 17:05:00,device_7_A,Lake Ashleyview,m17,0
t327,u93,2990.51,2026-08-15 17:06:00,device_93_A,Eatonfort,m5,0
t53,u69,625.93,2026-08-15 17:15:00,device_69_A,Sharonland,m9,0
t219,u7,936.91,2026-08-15 17:21:00,device_7_A,Lake Ashleyview,m20,0
t55,u91,913.59,2026-08-15 17:31:00,device_91_A,New Lisaside,m3,0
t242,u9,3369.18,2026-08-15 17:44:00,device_9_A,South Christina,m13,0
t865,u35,4659.64,2026-08-15 18:58:00,device_35_A,West Bryanburgh,m5,0
t227,u43,599.23,2026-08-15 19:09:00,device_43_A,West Thomaston,m9,0
t302,u18,2227.97,2026-08-15 19:31:00,device_18_A,Knoxfurt,m5,0
t111,u53,4824.55,2026-08-15 19:50:00,device_53_A,South Mauricefurt,m19,0
t41,u21,2469.45,2026-08-15 19:54:00,device_21_A,Thorntontown,m11,0
t422,u87,4684.49,2026-08-15 20:49:00,device_87_A,Oliviaside,m17,0
t748,u23,1737.79,2026-08-15 20:58:00,device_23_A,Mosston,m16,0
t358,u87,2816.61,2026-08-15 21:48:00,device_87_A,Oliviaside,m17,0
t210,u24,1554.86,2026-08-15 21:59:00,device_24_A,West Michele,m2,0
t706,u91,1029.19,2026-08-15 22:36:00,device_91_A,New Lisaside,m2,0
t449,u95,25862.08,2026-08-16 02:33:00,device_unknown_1256,Laramouth,m7,1
t659,u59,4298.57,2026-08-16 02:35:00,device_unknown_3328,South Joshua,m16,1
t762,u78,659.79,2026-08-16 07:18:00,device_78_A,Pattersonburgh,m10,0
t760,u52,3050.37,2026-08-16 07:31:00,device_52_A,Maryfurt,m2,0
t585,u16,1041.32,2026-08-16 07:48:00,device_16_A,Lake Lauren,m20,0
t67,u49,3677.63,2026-08-16 08:23:00,device_49_A,Franklinfort,m12,0
t440,u34,3521.47,2026-08-16 08:30:00,device_34_A,Butlerbury,m3,0
t636,u97,2517.24,2026-08-16 08:40:00,device_97_A,Flynnville,m7,0
t463,u24,2283.95,2026-08-16 08:54:00,device_24_A,West Michele,m3,0
t570,u74,3814.89,2026-08-16 09:48:00,device_74_A,North Christopher,m18,0
t156,u62,2092.42,2026-08-16 09:55:00,device_62_A,East Kristen,m8,0
t297,u66,3300.18,2026-08-16 09:58:00,device_66_A,Lake Benjamin,m14,0
t95,u45,1170.69,2026-08-16 10:32:00,device_45_A,West William,m14,0
t773,u20,1607.07,2026-08-16 10:36:00,device_20_A,New Brittanymouth,m4,0
t784,u15,1476.85,2026-08-16 10:52:00,device_15_A,Strongfort,m14,0
t507,u76,3509.99,2026-08-16 11:16:00,device_76_A,East Heidi,m9,0
t60,u71,3029.63,2026-08-16 11:17:00,device_71_A,Ericside,m9,0
t181,u2,4748.51,2026-08-16 11:24:00,device_2_A,Lorraineton,m15,0
t444,u29,3877.34,2026-08-16 11:25:00,device_29_A,Timothyport,m12,0
t295,u3,4163.05,2026-08-16 11:27:00,device_3_A,Port Kimhaven,m20,0
t563,u86,2334.6,2026-08-16 11:59:00,device_86_A,Allisonfurt,m14,0
t482,u37,1792.83,2026-08-16 12:06:00,device_37_A,Thomasside,m4,0
t799,u50,1017.26,2026-08-16 12:26:00,device_50_A,Garciabury,m16,0
t578,u33,984.79,2026-08-16 12:54:00,device_33_A,East Sarah,m2,0
t968,u55,3668.63,2026-08-16 13:40:00,device_55_A,Gilesstad,m6,0
t453,u64,2507.58,2026-08-16 14:17:00,device_64_A,Meyerhaven,m10,0
t533,u20,2136.48,2026-08-16 14:48:00,device_20_A,New Brittanymouth,m17,0
t821,u72,1594.56,2026-08-16 14:55:00,device_72_A,West Matthewfurt,m18,0
t576,u79,2632.17,2026-08-16 16:03:00,device_79_A,South Brittanyshire,m6,0
t125,u22,1040.14,2026-08-16 17:16:00,device_22_A,Smithland,m1,0
t514,u18,2347.81,2026-08-16 17:43:00,device_18_A,Knoxfurt,m6,0
t83,u32,1587.32,2026-08-16 17:45:00,device_32_A,North Jonathanland,m4,0
t353,u41,1135.85,2026-08-16 18:24:00,device_41_A,East Laura,m17,0
t294,u9,2515.48,2026-08-16 18:25:00,device_9_A,South Christina,m10,0
t863,u87,3974.29,2026-08-16 18:43:00,device_87_A,Oliviaside,m11,0
t690,u81,3765.84,2026-08-16 19:00:00,device_81_A,Lake Jerryport,m6,0
t94,u73,488.31,2026-08-16 19:18:00,device_73_A,Jenniferbury,m8,0
t404,u81,4497.58,2026-08-16 19:31:00,device_81_A,Lake Jerryport,m12,0
t727,u5,1216.97,2026-08-16 19:50:00,device_5_A,East Jeanettebury,m19,0
t722,u85,1565.2,2026-08-16 20:06:00,device_85_A,North Adamview,m17,0
t223,u43,831.29,2026-08-16 20:10:00,device_43_A,West Thomaston,m19,0
t454,u90,2658.44,2026-08-16 20:33:00,device_90_A,West Julia,m10,0
t678,u84,656.59,2026-08-16 21:16:00,device_84_A,North Dianaport,m3,0
t961,u31,3254.22,2026-08-16 21:39:00,device_31_A,West Georgestad,m3,0
t33,u83,2167.91,2026-08-16 21:49:00,device_83_A,Port Jasonview,m17,0
t975,u62,1761.64,2026-08-16 21:59:00,device_62_A,East Kristen,m19,0
t474,u20,1634.07,2026-08-16 22:01:00,device_20_A,New Brittanymouth,m16,0
t606,u95,2805.58,2026-08-16 22:06:00,device_95_A,South Williamshire,m12,0
t136,u51,4793.37,2026-08-16 22:09:00,device_51_A,South Lauriemouth,m15,0
t264,u82,3658.76,2026-08-16 22:23:00,device_82_A,Francomouth,m17,0
t48,u85,2420.6,2026-08-16 22:25:00,device_85_A,North Adamview,m5,0
t89,u95,3287.5,2026-08-16 22:58:00,device_95_A,South Williamshire,m6,0
t824,u16,7299.92,2026-08-17 02:08:00,device_unknown_8259,New Jeffreyberg,m12,1
t805,u26,17308.58,2026-08-17 04:04:00,device_unknown_8091,Loveton,m17,1
t518,u93,26561.25,2026-08-17 04:09:00,device_unknown_4434,East Adamview,m10,1
t269,u8,3190.07,2026-08-17 07:15:00,device_8_A,Kochchester,m15,0
t538,u13,5032.51,2026-08-17 09:20:00,device_13_A,East Tamara,m19,0
t869,u49,3646.38,2026-08-17 09:36:00,device_49_A,Franklinfort,m3,0
t744,u17,1510.62,2026-08-17 09:51:00,device_17_A,Port Derekfort,m16,0
t433,u95,3640.18,2026-08-17 10:21:00,device_95_A,South Williamshire,m2,0
t999,u63,3067.57,2026-08-17 10:42:00,device_63_A,Brewerfort,m9,0
t904,u38,1169.43,2026-08-17 10:53:00,device_38_A,East Danielle,m14,0
t913,u98,2275.77,2026-08-17 11:17:00,device_98_A,Knightstad,m4,0
t410,u8,4324.97,2026-08-17 11:46:00,device_8_A,Kochchester,m1,0
t972,u4,2780.36,2026-08-17 11:49:00,device_4_A,South Julie,m5,0
t475,u53,5564.49,2026-08-17 12:11:00,device_53_A,South Mauricefurt,m5,0
t580,u48,2150.43,2026-08-17 13:18:00,device_48_A,Gonzalezville,m16,0
t536,u50,1423.03,2026-08-17 13:42:00,device_50_A,Garciabury,m15,0
t811,u84,897.7,2026-08-17 13:46:00,device_84_A,North Dianaport,m7,0
t467,u45,1369.41,2026-08-17 14:21:00,device_45_A,West William,m18,0
t565,u83,1776.73,2026-08-17 14:30:00,device_83_A,Port Jasonview,m13,0
t603,u43,832.88,2026-08-17 14:39:00,device_43_A,West Thomaston,m2,0
t54,u26,3583.62,2026-08-17 15:08:00,device_26_A,North Amanda,m13,0
t176,u51,4255.81,2026-08-17 15:21:00,device_51_A,South Lauriemouth,m14,0
t102,u99,535.4,2026-08-17 15:41:00,device_99_A,Alexandershire,m11,0
t685,u92,3798.91,2026-08-17 16:39:00,device_92_A,West Philipport,m10,0
t529,u28,2209.04,2026-08-17 16:45:00,device_28_A,Richardsonview,m11,0
t211,u73,408.78,2026-08-17 16:57:00,device_73_A,Jenniferbury,m11,0
t860,u87,3966.18,2026-08-17 17:16:00,device_87_A,Oliviaside,m12,0
t531,u64,2353.95,2026-08-17 17:18:00,device_64_A,Meyerhaven,m3,0
t470,u58,1356.62,2026-08-17 17:32:00,device_58_A,Port Anthony,m7,0
t365,u78,1034.17,2026-08-17 17:33:00,device_78_A,Pattersonburgh,m19,0
t672,u40,1852.29,2026-08-17 18:03:00,device_40_A,Josephfort,m11,0
t812,u30,619.94,2026-08-17 18:08:00,device_30_A,Clinemouth,m5,0
t838,u25,2219.74,2026-08-17 18:23:00,device_25_A,Lake Allison,m17,0
t925,u12,5827.09,2026-08-17 18:34:00,device_12_A,Molinafurt,m12,0
t855,u10,4578.89,2026-08-17 18:55:00,device_10_A,Ricardostad,m7,0
t339,u32,1548.74,2026-08-17 18:56:00,device_32_A,North Jonathanland,m20,0
t185,u58,1724.72,2026-08-17 19:08:00,device_58_A,Port Anthony,m13,0
t675,u79,1480.79,2026-08-17 19:26:00,device_79_A,South Brittanyshire,m15,0
t827,u91,1046.8,2026-08-17 19:27:00,device_91_A,New Lisaside,m2,0
t322,u53,3716.7,2026-08-17 20:25:00,device_53_A,South Mauricefurt,m1,0
t800,u55,3654.8,2026-08-17 20:29:00,device_55_A,Gilesstad,m4,0
t338,u81,4189.63,2026-08-17 21:56:00,device_81_A,Lake Jerryport,m12,0
t888,u39,2748.72,2026-08-17 22:21:00,device_39_A,West Matthew,m16,0
t466,u68,3166.22,2026-08-17 22:56:00,device_68_A,Port David,m8,0
t970,u33,5059.26,2026-08-18 01:01:00,device_unknown_2363,East Kirsten,m9,1
t693,u32,10365.52,2026-08-18 01:49:00,device_unknown_2584,Markberg,m12,1
t723,u95,38910.86,2026-08-18 04:08:00,device_unknown_1145,Scottton,m5,1
t574,u15,1584.52,2026-08-18 07:06:00,device_15_A,Strongfort,m4,0
t206,u10,4227.49,2026-08-18 08:03:00,device_10_A,Ricardostad,m20,0
t871,u92,3910.0,2026-08-18 08:05:00,device_92_A,West Philipport,m18,0
t573,u45,1508.45,2026-08-18 08:31:00,device_45_A,West William,m2,0
t15,u47,1395.75,2026-08-18 08:47:00,device_47_A,New Kyle,m11,0
t291,u64,1901.21,2026-08-18 08:57:00,device_64_A,Meyerhaven,m11,0
t597,u14,1430.22,2026-08-18 09:33:00,device_14_A,Allenmouth,m1,0
t495,u81,5014.59,2026-08-18 09:39:00,device_81_A,Lake Jerryport,m17,0
t907,u78,586.8,2026-08-18 10:07:00,device_78_A,Pattersonburgh,m17,0
t553,u24,2142.59,2026-08-18 10:17:00,device_24_A,West Michele,m19,0
t612,u58,1052.67,2026-08-18 10:20:00,device_58_A,Port Anthony,m8,0
t770,u8,4428.68,2026-08-18 10:43:00,device_8_A,Kochchester,m9,0
t120,u52,3674.38,2026-08-18 10:49:00,device_52_A,Maryfurt,m6,0
t237,u20,1660.66,2026-08-18 10:54:00,device_20_A,New Brittanymouth,m15,0
t30,u95,4047.24,2026-08-18 11:23:00,device_95_A,South Williamshire,m5,0
t209,u49,3352.6,2026-08-18 11:38:00,device_49_A,Franklinfort,m4,0
t278,u95,4339.71,2026-08-18 12:35:00,device_95_A,South Williamshire,m16,0
t157,u9,3765.09,2026-08-18 13:15:00,device_9_A,South Christina,m14,0
t750,u58,1658.22,2026-08-18 13:20:00,device_58_A,Port Anthony,m1,0
t32,u5,1367.92,2026-08-18 13:28:00,device_5_A,East Jeanettebury,m10,0
t560,u63,3484.84,2026-08-18 13:37:00,device_63_A,Brewerfort,m2,0
t421,u3,3327.37,2026-08-18 13:51:00,device_3_A,Port Kimhaven,m6,0
t464,u34,5020.64,2026-08-18 13:59:00,device_34_A,Butlerbury,m16,0
t299,u52,3955.25,2026-08-18 14:25:00,device_52_A,Maryfurt,m5,0
t150,u38,892.27,2026-08-18 14:29:00,device_38_A,East Danielle,m17,0
t305,u20,2118.83,2026-08-18 14:48:00,device_20_A,New Brittanymouth,m18,0
t943,u20,2262.45,2026-08-18 15:23:00,device_20_A,New Brittanymouth,m13,0
t608,u38,1097.99,2026-08-18 15:28:00,device_38_A,East Danielle,m4,0
t607,u58,1649.33,2026-08-18 15:36:00,device_58_A,Port Anthony,m6,0
t400,u94,3693.21,2026-08-18 15:36:00,device_94_A,South Matthewland,m20,0
t818,u53,3765.94,2026-08-18 16:00:00,device_53_A,South Mauricefurt,m9,0
t91,u3,3190.43,2026-08-18 16:13:00,device_3_A,Port Kimhaven,m8,0
t981,u66,2819.33,2026-08-18 16:16:00,device_66_A,Lake Benjamin,m20,0
t446,u86,1401.11,2026-08-18 16:58:00,device_86_A,Allisonfurt,m15,0
t256,u11,524.71,2026-08-18 17:22:00,device_11_A,North Johnbury,m12,0
t179,u73,636.46,2026-08-18 17:26:00,device_73_A,Jenniferbury,m17,0
t931,u23,1535.13,2026-08-18 17:30:00,device_23_A,Mosston,m15,0
t802,u46,2835.03,2026-08-18 17:45:00,device_46_A,Pearsonville,m4,0
t412,u48,3630.91,2026-08-18 17:49:00,device_48_A,Gonzalezville,m10,0
t992,u90,3096.62,2026-08-18 18:06:00,device_90_A,West Julia,m15,0
t979,u67,1370.94,2026-08-18 18:07:00,device_67_A,Shawnhaven,m10,0
t263,u27,1408.89,2026-08-18 18:17:00,device_27_A,East Catherineville,m14,0
t554,u90,2692.86,2026-08-18 18:18:00,device_90_A,West Julia,m18,0
t74,u49,3317.69,2026-08-18 19:00:00,device_49_A,Franklinfort,m2,0
t386,u37,1471.47,2026-08-18 19:18:00,device_37_A,Thomasside,m17,0
t996,u36,4670.78,2026-08-18 19:30:00,device_36_A,South Carolhaven,m15,0
t923,u76,3552.41,2026-08-18 19:48:00,device_76_A,East Heidi,m13,0
t442,u5,1304.15,2026-08-18 20:14:00,device_5_A,East Jeanettebury,m12,0
t93,u16,985.64,2026-08-18 20:41:00,device_16_A,Lake Lauren,m19,0
t796,u49,3172.9,2026-08-18 22:06:00,device_49_A,Franklinfort,m12,0
t654,u90,2279.94,2026-08-18 22:11:00,device_90_A,West Julia,m17,0
t164,u20,2088.92,2026-08-18 22:45:00,device_20_A,New Brittanymouth,m17,0
t845,u11,3179.98,2026-08-19 04:42:00,device_unknown_5237,North William,m13,1
t532,u22,1270.34,2026-08-19 07:28:00,device_22_A,Smithland,m11,0
t640,u21,2550.21,2026-08-19 07:31:00,device_21_A,Thorntontown,m2,0
t438,u49,2619.49,2026-08-19 07:41:00,device_49_A,Franklinfort,m13,0
t64,u22,976.61,2026-08-19 07:56:00,device_22_A,Smithland,m11,0
t255,u33,884.75,2026-08-19 07:59:00,device_33_A,East Sarah,m6,0
t486,u57,1085.7,2026-08-19 08:13:00,device_57_A,West Jessica,m3,0
t405,u98,1909.78,2026-08-19 08:25:00,device_98_A,Knightstad,m10,0
t285,u68,4699.05,2026-08-19 08:26:00,device_68_A,Port David,m15,0
t858,u99,639.2,2026-08-19 08:43:00,device_99_A,Alexandershire,m18,0
t69,u32,1626.43,2026-08-19 08:47:00,device_32_A,North Jonathanland,m12,0
t716,u25,2094.01,2026-08-19 08:53:00,device_25_A,Lake Allison,m8,0
t115,u44,4375.84,2026-08-19 09:20:00,device_44_A,Alexanderville,m16,0
t216,u100,1019.4,2026-08-19 09:24:00,device_100_A,West Darryl,m13,0
t21,u53,5239.71,2026-08-19 09:34:00,device_53_A,South Mauricefurt,m13,0
t320,u55,3425.65,2026-08-19 09:34:00,device_55_A,Gilesstad,m4,0
t39,u95,3748.0,2026-08-19 10:00:00,device_95_A,South Williamshire,m4,0
t123,u42,2936.59,2026-08-19 10:36:00,device_42_A,Brandiberg,m10,0
t644,u27,1657.72,2026-08-19 10:56:00,device_27_A,East Catherineville,m2,0
t778,u71,3180.35,2026-08-19 11:13:00,device_71_A,Ericside,m2,0
t127,u44,4481.02,2026-08-19 11:35:00,device_44_A,Alexanderville,m14,0
t186,u83,2371.83,2026-08-19 11:45:00,device_83_A,Port Jasonview,m16,0
t303,u80,1139.59,2026-08-19 12:01:00,device_80_A,East Jeremyview,m15,0
t714,u11,434.83,2026-08-19 12:23:00,device_11_A,North Johnbury,m3,0
t657,u57,838.09,2026-08-19 12:28:00,device_57_A,West Jessica,m6,0
t110,u81,4132.29,2026-08-19 12:53:00,device_81_A,Lake Jerryport,m15,0
t306,u95,4646.61,2026-08-19 13:36:00,device_95_A,South Williamshire,m12,0
t887,u23,1399.09,2026-08-19 14:09:00,device_23_A,Mosston,m14,0
t76,u75,4500.93,2026-08-19 14:21:00,device_75_A,West Donna,m1,0
t756,u75,3467.5,2026-08-19 14:27:00,device_75_A,West Donna,m8,0
t700,u41,1129.26,2026-08-19 15:13:00,device_41_A,East Laura,m11,0
t929,u45,1677.78,2026-08-19 15:30:00,device_45_A,West William,m18,0
t952,u93,2981.58,2026-08-19 15:39:00,device_93_A,Eatonfort,m8,0
t985,u24,2677.13,2026-08-19 15:53:00,device_24_A,West Michele,m10,0
t798,u69,902.48,2026-08-19 16:13:00,device_69_A,Sharonland,m18,0
t207,u68,5106.51,2026-08-19 16:50:00,device_68_A,Port David,m8,0
t369,u24,2387.12,2026-08-19 16:55:00,device_24_A,West Michele,m15,0
t663,u20,2184.53,2026-08-19 17:13:00,device_20_A,New Brittanymouth,m2,0
t391,u11,420.76,2026-08-19 17:30:00,device_11_A,North Johnbury,m4,0
t351,u86,2177.63,2026-08-19 17:38:00,device_86_A,Allisonfurt,m12,0
t939,u8,3737.32,2026-08-19 18:59:00,device_8_A,Kochchester,m5,0
t493,u68,4634.42,2026-08-19 19:12:00,device_68_A,Port David,m3,0
t484,u100,899.44,2026-08-19 19:12:00,device_100_A,West Darryl,m3,0
t333,u18,2634.81,2026-08-19 19:32:00,device_18_A,Knoxfurt,m15,0
t126,u35,4816.85,2026-08-19 20:06:00,device_35_A,West Bryanburgh,m12,0
t582,u8,3396.66,2026-08-19 20:15:00,device_8_A,Kochchester,m5,0
t72,u49,3512.17,2026-08-19 20:50:00,device_49_A,Franklinfort,m1,0
t96,u67,1445.8,2026-08-19 21:09:00,device_67_A,Shawnhaven,m2,0
t329,u20,1413.86,2026-08-19 21:11:00,device_20_A,New Brittanymouth,m2,0
t549,u41,976.11,2026-08-19 22:12:00,device_41_A,East Laura,m14,0
t390,u41,1055.29,2026-08-19 22:21:00,device_41_A,East Laura,m19,0
t593,u66,3744.75,2026-08-19 22:30:00,device_66_A,Lake Benjamin,m13,0
t850,u20,1985.13,2026-08-19 22:59:00,device_20_A,New Brittanymouth,m6,0
t257,u86,9540.77,2026-08-20 01:03:00,device_unknown_7566,Patrickfurt,m5,1
t848,u62,7633.87,2026-08-20 01:15:00,device_unknown_9238,Helenport,m10,1
t477,u47,8459.37,2026-08-20 01:24:00,device_unknown_1794,Port Michael,m14,1
t274,u47,11152.96,2026-08-20 02:25:00,device_unknown_6562,Hudsonside,m11,1
t52,u60,10627.59,2026-08-20 02:40:00,device_unknown_2964,Robinsonborough,m19,1
t366,u9,13365.71,2026-08-20 03:44:00,device_unknown_1744,Davidside,m7,1
t941,u70,35816.46,2026-08-20 04:05:00,device_unknown_1692,Port Eduardo,m12,1
t234,u87,2706.78,2026-08-20 07:11:00,device_87_A,Oliviaside,m12,0
t163,u49,3600.52,2026-08-20 07:32:00,device_49_A,Franklinfort,m9,0
t548,u61,2058.83,2026-08-20 07:41:00,device_61_A,Wallaceville,m16,0
t816,u72,1329.29,2026-08-20 07:44:00,device_72_A,West Matthewfurt,m17,0
t870,u60,1972.45,2026-08-20 07:59:00,device_60_A,Port Joshuamouth,m19,0
t301,u44,5249.44,2026-08-20 08:05:00,device_44_A,Alexanderville,m11,0
t184,u90,3058.95,2026-08-20 08:29:00,device_90_A,West Julia,m11,0
t489,u68,5278.35,2026-08-20 08:33:00,device_68_A,Port David,m8,0
t288,u25,2312.55,2026-08-20 09:19:00,device_25_A,Lake Allison,m17,0
t97,u51,3758.3,2026-08-20 11:18:00,device_51_A,South Lauriemouth,m15,0
t953,u39,3323.26,2026-08-20 11:39:00,device_39_A,West Matthew,m5,0
t414,u37,2360.9,2026-08-20 12:23:00,device_37_A,Thomasside,m14,0
t359,u85,2274.43,2026-08-20 12:28:00,device_85_A,North Adamview,m5,0
t736,u66,2359.56,2026-08-20 12:42:00,device_66_A,Lake Benjamin,m10,0
t350,u28,2094.87,2026-08-20 12:45:00,device_28_A,Richardsonview,m15,0
t108,u28,2677.32,2026-08-20 14:25:00,device_28_A,Richardsonview,m16,0
t183,u94,2460.51,2026-08-20 14:55:00,device_94_A,South Matthewland,m19,0
t726,u41,953.93,2026-08-20 15:04:00,device_41_A,East Laura,m7,0
t619,u96,2366.53,2026-08-20 16:58:00,device_96_A,Delgadoville,m11,0
t315,u7,859.46,2026-08-20 17:18:00,device_7_A,Lake Ashleyview,m5,0
t955,u49,3192.25,2026-08-20 17:52:00,device_49_A,Franklinfort,m16,0
t596,u95,4132.21,2026-08-20 18:11:00,device_95_A,South Williamshire,m18,0
t539,u99,627.99,2026-08-20 18:13:00,device_99_A,Alexandershire,m11,0
t577,u49,2558.83,2026-08-20 18:44:00,device_49_A,Franklinfort,m9,0
t284,u61,1696.18,2026-08-20 19:06:00,device_61_A,Wallaceville,m15,0
t191,u90,2899.58,2026-08-20 19:29:00,device_90_A,West Julia,m11,0
t995,u81,3726.58,2026-08-20 19:35:00,device_81_A,Lake Jerryport,m1,0
t631,u74,3706.78,2026-08-20 19:42:00,device_74_A,North Christopher,m11,0
t703,u2,3380.19,2026-08-20 20:01:00,device_2_A,Lorraineton,m4,0
t250,u46,3826.71,2026-08-20 20:06:00,device_46_A,Pearsonville,m2,0
t779,u41,834.76,2026-08-20 20:07:00,device_41_A,East Laura,m19,0
t167,u42,2173.08,2026-08-20 20:26:00,device_42_A,Brandiberg,m16,0
t902,u25,1853.14,2026-08-20 20:46:00,device_25_A,Lake Allison,m8,0
t270,u30,629.5,2026-08-20 20:49:00,device_30_A,Clinemouth,m19,0
t490,u57,1001.85,2026-08-20 22:06:00,device_57_A,West Jessica,m9,0
t409,u61,16162.23,2026-08-21 01:21:00,device_unknown_4814,Adamsport,m4,1
t377,u33,701.66,2026-08-21 07:05:00,device_33_A,East Sarah,m3,0
t465,u39,3220.35,2026-08-21 07:21:00,device_39_A,West Matthew,m7,0
t932,u22,1186.47,2026-08-21 07:37:00,device_22_A,Smithland,m16,0
t192,u66,3400.05,2026-08-21 08:39:00,device_66_A,Lake Benjamin,m20,0
t436,u16,1333.57,2026-08-21 08:54:00,device_16_A,Lake Lauren,m15,0
t628,u45,1537.17,2026-08-21 09:06:00,device_45_A,West William,m19,0
t701,u56,5505.63,2026-08-21 09:15:00,device_56_A,Christinachester,m13,0
t360,u57,1096.66,2026-08-21 10:22:00,device_57_A,West Jessica,m17,0
t175,u46,2673.94,2026-08-21 10:34:00,device_46_A,Pearsonville,m5,0
t434,u14,1460.32,2026-08-21 11:05:00,device_14_A,Allenmouth,m6,0
t774,u54,3293.34,2026-08-21 11:13:00,device_54_A,Port Jay,m6,0
t697,u67,1145.6,2026-08-21 11:46:00,device_67_A,Shawnhaven,m4,0
t806,u25,2057.98,2026-08-21 12:04:00,device_25_A,Lake Allison,m5,0
t431,u63,4155.29,2026-08-21 13:30:00,device_63_A,Brewerfort,m8,0
t708,u58,1242.2,2026-08-21 14:01:00,device_58_A,Port Anthony,m2,0
t413,u56,5397.92,2026-08-21 14:51:00,device_56_A,Christinachester,m18,0
t775,u28,2708.89,2026-08-21 15:31:00,device_28_A,Richardsonview,m3,0
t882,u58,1660.07,2026-08-21 15:33:00,device_58_A,Port Anthony,m13,0
t428,u77,4455.68,2026-08-21 16:51:00,device_77_A,Hunterburgh,m4,0
t673,u33,1012.99,2026-08-21 17:30:00,device_33_A,East Sarah,m15,0
t375,u77,3159.98,2026-08-21 17:46:00,device_77_A,Hunterburgh,m19,0
t852,u75,4595.56,2026-08-21 18:24:00,device_75_A,West Donna,m1,0
t276,u83,2318.7,2026-08-21 18:45:00,device_83_A,Port Jasonview,m5,0
t584,u44,4038.86,2026-08-21 19:08:00,device_44_A,Alexanderville,m5,0
t615,u22,1272.53,2026-08-21 20:08:00,device_22_A,Smithland,m8,0
t151,u79,2040.48,2026-08-21 20:09:00,device_79_A,South Brittanyshire,m10,0
t99,u31,3243.22,2026-08-21 21:09:00,device_31_A,West Georgestad,m6,0
t312,u75,3066.98,2026-08-21 21:15:00,device_75_A,West Donna,m12,0
t872,u91,1348.83,2026-08-21 22:14:00,device_91_A,New Lisaside,m5,0
t769,u40,1900.85,2026-08-21 22:16:00,device_40_A,Josephfort,m5,0
t713,u19,2918.77,2026-08-21 22:51:00,device_19_A,Port Danielview,m17,0
t38,u80,1064.95,2026-08-21 22:53:00,device_80_A,East Jeremyview,m8,0
